model,features,seed,precision,recall,f1,micro_f1,ap
Logistic Regression,AF,0,0.31107354184277264,0.6795937211449676,0.4267903740214555,0.8814037192561488,0.3215341959533167
Random Forest,AF,42,0.918918918918919,0.7220683287165282,0.8086866597724922,0.9778044391121775,0.7799970897899935
MLP,AF,42,0.5658021133525456,0.543859649122807,0.5546139359698682,0.943251349730054,0.4330733244339033
GCN,AF,42,0.7358490566037735,0.46814404432132967,0.572234762979684,0.9545290941811637,0.5926036849261278
Skip-GCN,AF,42,0.7367668097281831,0.4755309325946445,0.5780022446689114,0.9548890221955609,0.5805399873509894
Random Forest,AF,1,0.9054209919261822,0.7248384118190212,0.8051282051282052,0.9772045590881824,0.7813130756357032
MLP,AF,1,0.5760416666666667,0.5106186518928901,0.5413607440039158,0.9437912417516496,0.40868373432480326
GCN,AF,1,0.8141135972461274,0.43674976915974145,0.5685096153846154,0.9569286142771446,0.6221857627204884
Skip-GCN,AF,1,0.7867647058823529,0.4939981532779317,0.606920022688599,0.9584283143371326,0.6361946631080075
Random Forest,AF,2,0.9219858156028369,0.7202216066481995,0.8087091757387247,0.9778644271145771,0.7864813508481487
MLP,AF,2,0.5624375624375625,0.5198522622345337,0.5403071017274472,0.9425314937012598,0.4951641003451859
GCN,AF,2,0.8130081300813008,0.36934441366574333,0.5079365079365079,0.9535092981403719,0.5895211481843781
Skip-GCN,AF,2,0.8055045871559633,0.4053554939981533,0.5393120393120393,0.9550089982003599,0.6210254748427524
Random Forest,AF,3,0.935251798561151,0.7202216066481995,0.8137715179968701,0.9785842831433713,0.7835092967521866
MLP,AF,3,0.5369003690036901,0.5373961218836565,0.5371481310567605,0.9398320335932814,0.4018263256806752
GCN,AF,3,0.7333333333333333,0.5078485687903971,0.6001091107474086,0.9560287942411517,0.602400484385225
Skip-GCN,AF,3,0.7522796352583586,0.45706371191135736,0.5686387133831131,0.9549490101979604,0.5932969040821958
Random Forest,AF,4,0.9344457687723481,0.7239150507848569,0.8158168574401665,0.9787642471505699,0.7827649581882026
MLP,AF,4,0.5371477369769427,0.5807940904893814,0.5581188997338066,0.940251949610078,0.47840361379920837
GCN,AF,4,0.8317757009345794,0.41089566020313945,0.5500618046971569,0.9563287342531493,0.6147872962421218
Skip-GCN,AF,4,0.6989664082687338,0.4995383194829178,0.5826602046311254,0.9535092981403719,0.5543218599347739
Logistic Regression,LF,0,0.3933842239185751,0.7137580794090489,0.5072178477690289,0.9098980203959208,0.2988846340251098
Random Forest,LF,42,0.8486842105263158,0.7146814404432132,0.7759398496240602,0.9731853629274145,0.7712230263040657
MLP,LF,42,0.4771908763505402,0.7340720221606648,0.5783921425973081,0.9304739052189562,0.5362473905262756
GCN,LF,42,0.39416475972540044,0.6361957525392429,0.48675379724478984,0.9128374325134972,0.5411502251468518
Skip-GCN,LF,42,0.36469344608879495,0.6371191135734072,0.4638655462184874,0.9043191361727655,0.5117316478567526
Random Forest,LF,1,0.8406113537117904,0.7109879963065558,0.7703851925962981,0.9724655068986203,0.77180854622446
MLP,LF,1,0.42722017866526535,0.7506925207756233,0.5445411922304085,0.9184163167366527,0.4900442509055993
GCN,LF,1,0.5206766917293233,0.5115420129270545,0.5160689333954355,0.9376724655068986,0.5135212347994145
Skip-GCN,LF,1,0.4101157830591103,0.6214219759926131,0.49412628487518356,0.9173365326934613,0.48061959416419553
Random Forest,LF,2,0.8420467185761957,0.6989843028624192,0.763874873864783,0.9719256148770246,0.768057675965437
MLP,LF,2,0.43130990415335463,0.7479224376731302,0.547112462006079,0.9195560887822436,0.5100578158399871
GCN,LF,2,0.41162079510703364,0.6214219759926131,0.4952170713760118,0.9176964607078584,0.5241696704863352
Skip-GCN,LF,2,0.38483305036785515,0.6278855032317636,0.47719298245614034,0.910617876424715,0.5068208092754707
Random Forest,LF,3,0.8612059158134243,0.6989843028624192,0.7716615698267074,0.973125374925015,0.7693013956318253
MLP,LF,3,0.42812336644014637,0.7562326869806094,0.5467289719626168,0.9185362927414517,0.49661933981926065
GCN,LF,3,0.4336399474375821,0.6094182825484764,0.5067178502879078,0.9229154169166167,0.5245552449458105
Skip-GCN,LF,3,0.3672787979966611,0.6094182825484764,0.4583333333333333,0.9064187162567486,0.4717703752834433
Random Forest,LF,4,0.8476084538375973,0.703601108033241,0.768920282542886,0.9725254949010198,0.7681685584673613
MLP,LF,4,0.4730290456431535,0.7368421052631579,0.5761732851985559,0.9295740851829634,0.5611111324077382
GCN,LF,4,0.3781797625777275,0.6177285318559557,0.4691444600280505,0.9091781643671266,0.5255423625820153
Skip-GCN,LF,4,0.4007421150278293,0.5983379501385041,0.48,0.9157768446310738,0.4927443993276008
