k,cos_all_nodes,cos_largest_component
1,-0.0003922545273292409,-0.00048769394063380515
2,-0.0006047082452953173,-0.0002643898208959706
4,-0.0007129557744135087,0.00039895866728287597
8,-0.0005594924407929799,0.0025538181708167416
16,-0.00032270563818443684,0.008883693073969905
32,0.0003175289595765485,0.0295637041193755
64,0.0018603102816111966,0.09211287731949627
128,0.005310547900848704,0.2564734440160941
256,0.010005649195866552,0.5071173424420282
512,0.014313952056758733,0.7103303582219752
1024,0.016490923912676137,0.8545134632874418
